id,institutionCode,collectionCode,ownerInstitutionCode,basisOfRecord,occurrenceID,catalogNumber,otherCatalogNumbers,scientificName,taxonID,scientificNameAuthorship,genus,specificEpithet,cur_genus,cur_epithet,cur_scientific_name,taxonRank,infraspecificEpithet,identifiedBy,dateIdentified,identificationReferences,identificationRemarks,taxonRemarks,identificationQualifier,typeStatus,recordedBy,recordedByID,associatedCollectors,recordNumber,eventDate,year,month,day,startDayOfYear,endDayOfYear,verbatimEventDate,occurrenceRemarks,habitat,substrate,host,cur_host,host_family,cultivated,native_status,verbatimAttributes,fieldNumber,informationWithheld,dataGeneralizations,dynamicProperties,associatedTaxa,reproductiveCondition,establishmentMeans,cultivationStatUnited States of America,lifeStage,sex,individualCount,samplingProtocol,samplingEffort,preparations,Continent,country,stateProvince,county,municipality,locality,locationRemarks,localitySecurity,localitySecurityReason,decimalLatitude,decimalLongitude,geodeticDatum,coordinateUncertaintyInMeters,climatic_zone,verbatimCoordinates,georeferencedBy,georeferenceProtocol,georeferenceSources,georeferenceVerificationStatUnited States of America,georeferenceRemarks,minimumElevationInMeters,maximumElevationInMeters,minimumDepthInMeters,maximumDepthInMeters,verbatimDepth,verbatimElevation,disposition,language,recordEnteredBy,modified,sourcePrimaryKey-dbpk,collId,recordId,references
8244912,BPI,,,PreservedSpecimen,,BPI 910618,,Basidiophora delawarensis,,,Basidiophora,delawarensis,Basidiophora,delawarensis,Basidiophora delawarensis,,,"Wallace, Emma; Crouch, JoAnne",,,,,,Holotype,E Wallace; J A Crouch,,,,6/23/17,2017,6,23,174,,2017 Jun 23,Collected by undisclosed-botanical garden and employee wish to remain confidential. Sent to USDA by nancy Gregory from UD Plant Diagnostic Clinic.,,leaves,Solidago sphacelata,Solidago sphacelata,Asteraceae,,,,,,,,,,,,,,,,,waiting on GenBank accession numbers,North America,United States of America,Delaware,New Castle,,del Found at non-profit botanical garden and sent to University of Delaware Plant Diagnostic Clinic.,,0,,39.66204,-75.566817,,1566,,,dlambrecht (2020-10-01 09:55:49),,georef batch tool 2020-10-01; GeoLocate,reviewed - high confidence,,,,,,,,,,jdhallUMD,9/3/19 13:34,BPI 910618,24,urn:uuid:43ba1fc8-83e7-43ab-9d75-ae5754935473,https://mycoportal.org:443/portal/collections/individual/index.php?occid=8244912
1037751,BPI,,,PreservedSpecimen,,BPI 187640,,Peronospora entospora,647110,(Roze & Cornu) Berk. & Broome,Peronospora,entospora,Basidiophora,entospora,Basidiophora entospora,,,,,,,,,,A B Seymour,,,5022,1882-04-19,1882,4,19,109,,1882 Apr 19,,,,Erigeron canadensis,Erigeron canadensis,Asteraceae,,,,,,,,,,,,,,,,,,North America,United States of America,Illinois,,,Anna,,0,,37.460327,-89.247028,,2930,,,GeoLocate (High Precision),,,,,,,,,,,,,preprocessed,9/3/19 13:34,BPI 187640,24,urn:uuid:8ed88f16-1c6f-44aa-8e51-c0699b9fe717,https://mycoportal.org:443/portal/collections/individual/index.php?occid=1037751
1037754,BPI,,,PreservedSpecimen,,BPI 187643,,Peronospora entospora,647110,(Roze & Cornu) Berk. & Broome,Peronospora,entospora,Basidiophora,entospora,Basidiophora entospora,,,"Edson, H. A.",,,,,,,A B Seymour; F S Earle,,,5022,1882-04-29,1882,4,29,119,,1882 Apr 29,,,,Erigeron canadensis,Erigeron canadensis,Asteraceae,,,,,,,,,,,,,,,,,,North America,United States of America,Illinois,,,Anna,,0,,37.460327,-89.247028,,2930,,,GeoLocate (High Precision),,,,,,,,,,,,,preprocessed,9/3/19 13:34,BPI 187643,24,urn:uuid:7246d61e-112e-4c21-b1ad-740c5c353cd3,https://mycoportal.org:443/portal/collections/individual/index.php?occid=1037754
2756509,NCU,,,PreservedSpecimen,3e1a74ce-a55e-4566-9b65-eb7aea0c610a,NCU-F-0018777,,Peronospora entospora,647110,(Roze & Cornu) Berk. & Broome,Peronospora,entospora,Basidiophora,entospora,Basidiophora entospora,,,A B Seymour,1882,,,,,,A B Seymour,,,4719,1882-05-20,1882,5,20,140,,May 20. 1882.,,,,Solidago rigida,Solidago rigida,Asteraceae,,,,,,,,,,,,,,,,,,North America,United States of America,Illinois,Mclean,,Normal,,,,40.514203,-88.990631,,6559,,,carol ann mccormick (2016-02-15 07:34:46),,georef batch tool 2016-02-15; GeoLocate,reviewed - high confidence,#NAME?,,,,,,,,,yoonsoyoung,2/1/17 11:52,,14,urn:uuid:3e1a74ce-a55e-4566-9b65-eb7aea0c610a,https://mycoportal.org:443/portal/collections/individual/index.php?occid=2756509
2756519,NCU,,,PreservedSpecimen,f4120435-7c1a-4130-8340-74a511bcd2bc,NCU-F-0018784,,Peronospora entospora,647110,(Roze & Cornu) Berk. & Broome,Peronospora,entospora,Basidiophora,entospora,Basidiophora entospora,,,A B Seymour,1882,,,,,,A B Seymour,,,4719,1882-05-20,1882,5,20,140,,"May 20, 1882.",,,,Solidago rigida,Solidago rigida,Asteraceae,,,,,,,,,,,,,,,,,,North America,United States of America,Illinois,Mclean,,Normal,,,,40.514203,-88.990631,,6559,,,carol ann mccormick (2016-02-15 07:34:46),,georef batch tool 2016-02-15; GeoLocate,reviewed - high confidence,#NAME?,,,,,,,,,yoonsoyoung,2/1/17 11:52,,14,urn:uuid:f4120435-7c1a-4130-8340-74a511bcd2bc,https://mycoportal.org:443/portal/collections/individual/index.php?occid=2756519
2756528,NCU,,,PreservedSpecimen,21117716-145f-4b1a-ac84-b9478061510a,NCU-F-0018788,,Peronospora entospora,647110,(Roze & Cornu) Berk. & Broome,Peronospora,entospora,Basidiophora,entospora,Basidiophora entospora,,,A B Seymour,1882,,,,,,A B Seymour,,,4746,1882-05-23,1882,5,23,143,,"May 23, 1882",,,,Erigeron canadensis,Erigeron canadensis,Asteraceae,,,oospores,,,,,,,,,,,,,,,North America,United States of America,Illinois,Mclean,,Normal,,,,40.514203,-88.990631,,6559,,,carol ann mccormick (2016-02-15 07:34:46),,georef batch tool 2016-02-15; GeoLocate,reviewed - high confidence,#NAME?,,,,,,,,,yoonsoyoung,2/1/17 11:52,,14,urn:uuid:21117716-145f-4b1a-ac84-b9478061510a,https://mycoportal.org:443/portal/collections/individual/index.php?occid=2756528
2756508,NCU,,,PreservedSpecimen,a0107f9c-6625-4613-8fa8-fc7fe0a5cad7,NCU-F-0018776,,Peronospora entospora,647110,(Roze & Cornu) Berk. & Broome,Peronospora,entospora,Basidiophora,entospora,Basidiophora entospora,,,A B Seymour,1882,,,,,,A B Seymour,,,4856,1882-05-31,1882,5,31,151,,"May. 31, 1882",ILLINOIS FUNGI,,,Solidago rigida,Solidago rigida,Asteraceae,,,,,,,,,,,,,,,,,,North America,United States of America,Illinois,Mclean,,Normal,,,,40.514203,-88.990631,,6559,,,carol ann mccormick (2016-02-15 07:34:46),,georef batch tool 2016-02-15; GeoLocate,reviewed - high confidence,#NAME?,,,,,,,,,yoonsoyoung,2/1/17 11:52,,14,urn:uuid:a0107f9c-6625-4613-8fa8-fc7fe0a5cad7,https://mycoportal.org:443/portal/collections/individual/index.php?occid=2756508
2643980,ILL,,,PreservedSpecimen,49c37d49-16a9-486d-bc57-b8c09fdc3035,ILL00097013,2209,Plasmopara entospora,649732,(Roze & Cornu) J. Schr_t.,Plasmopara,entospora,Basidiophora,entospora,Basidiophora entospora,,,,,,,,,,A B Seymour,,,4940,1882-06-09,1882,6,9,160,,,,,on Solidago rigida,Solidago rigida,Solidago rigida,Asteraceae,,,,,,,,,,,,,,,,,,North America,United States of America,Illinois,Champaign,Champaign,Champaign,,,,40.11642,-88.243383,WGS84,7338,,,titurri (2016-07-09 14:37:57),,georef batch tool 2016-07-09; GeoLocate,reviewed - high confidence,,,,,,,,,en,akuhn,2/1/17 11:51,,31,urn:uuid:49c37d49-16a9-486d-bc57-b8c09fdc3035,https://mycoportal.org:443/portal/collections/individual/index.php?occid=2643980
2748220,NCU,,,PreservedSpecimen,4ad7ed98-c2de-48ff-b941-fbc646bfa77d,NCU-F-0018775,,Peronospora entospora,647110,(Roze & Cornu) Berk. & Broome,Peronospora,entospora,Basidiophora,entospora,Basidiophora entospora,,,A B Seymour,1882,,,,,,A B Seymour,,,4940,1882-06-09,1882,6,9,160,,,,,,Solidago rigida,Solidago rigida,Asteraceae,,,,,,,,,,,,,,,,,,North America,United States of America,Illinois,Champaign,,Champaign,,,,40.11642,-88.243383,WGS84,7338,,,"McCormick, Carol Ann",,GeoLocate,,#NAME?,,,,,,,,,dayanisn,2/1/17 11:52,,14,urn:uuid:4ad7ed98-c2de-48ff-b941-fbc646bfa77d,https://mycoportal.org:443/portal/collections/individual/index.php?occid=2748220
2643963,ILL,,,PreservedSpecimen,7d352f02-72df-457e-bf81-74abd31c4a23,ILL00097001,2916,Plasmopara entospora,649732,(Roze & Cornu) J. Schr_t.,Plasmopara,entospora,Basidiophora,entospora,Basidiophora entospora,,,HA Edson,,,,,,,A B Seymour,,,4971,1882-06-10,1882,6,10,161,,,,,on Solidago rigida,Solidago rigida,Solidago rigida,Asteraceae,,,,,,,,,,,,,,,,,,North America,United States of America,Illinois,Champaign,Leverett,Leverett,,,,40.189199,-88.20977,WGS84,3036,,,titurri (2016-07-12 15:30:42),,georef batch tool 2016-07-12; GeoLocate,reviewed - high confidence,,,,,,,,,en,akuhn,2/1/17 11:51,,31,urn:uuid:7d352f02-72df-457e-bf81-74abd31c4a23,https://mycoportal.org:443/portal/collections/individual/index.php?occid=2643963
2643983,ILL,,,PreservedSpecimen,80ac8418-f708-499b-aa79-61dfd558f466,ILL00097014,2210,Plasmopara entospora,649732,(Roze & Cornu) J. Schr_t.,Plasmopara,entospora,Basidiophora,entospora,Basidiophora entospora,,,,,,,,,,A B Seymour,,,4971,1882-06-10,1882,6,10,161,,,,,on Solidago rigida,Solidago rigida,Solidago rigida,Asteraceae,,,,,,,,,,,,,,,,,,North America,United States of America,Illinois,Mclean,Normal,Normal,,,,40.514203,-88.990631,,6559,,,titurri (2016-07-09 10:49:55),,georef batch tool 2016-07-09; GeoLocate,reviewed - high confidence,,,,,,,,,en,akuhn,2/1/17 11:51,,31,urn:uuid:80ac8418-f708-499b-aa79-61dfd558f466,https://mycoportal.org:443/portal/collections/individual/index.php?occid=2643983
1037762,BPI,,,PreservedSpecimen,,BPI 187650,,Plasmopara entospora,649732,(Roze & Cornu) J. Schr_t.,Plasmopara,entospora,Basidiophora,entospora,Basidiophora entospora,,,"Edson, H. A.",,,,,,,A B Seymour,,,4971,1882-06-10,1882,6,10,161,,1882 Jun 10,,,,Solidago rigida,Solidago rigida,Asteraceae,,,,,,,,,,,,,,,,,,North America,United States of America,Illinois,,,Leverett,,0,,40.189199,-88.20977,,3036,,,GeoLocate (High Precision),,,,,,,,,,,,,preprocessed,9/3/19 13:34,BPI 187650,24,urn:uuid:f10c0267-6c01-477f-9b37-f77507cdb39e,https://mycoportal.org:443/portal/collections/individual/index.php?occid=1037762
2643984,ILL,,,PreservedSpecimen,b78085cd-73d2-4640-b53c-b88c6dd5aeb6,ILL00097015,2211,Plasmopara entospora,649732,(Roze & Cornu) J. Schr_t.,Plasmopara,entospora,Basidiophora,entospora,Basidiophora entospora,,,,,,,,,,A B Seymour,,,5201,1882-06-15,1882,6,15,166,,,,,on Solidago rigida,Solidago rigida,Solidago rigida,Asteraceae,,,,,,,,,,,,,,,,,,North America,United States of America,Illinois,La Salle,Oglesby,Oglesby,,,,41.333368,-89.09175,WGS84,6503,,,titurri (2016-07-10 16:01:04),,georef batch tool 2016-07-10; GeoLocate,reviewed - high confidence,,,,,,,,,en,akuhn,2/1/17 11:51,,31,urn:uuid:b78085cd-73d2-4640-b53c-b88c6dd5aeb6,https://mycoportal.org:443/portal/collections/individual/index.php?occid=2643984
2643986,ILL,,,PreservedSpecimen,c9ef81fe-0123-43c6-8916-293879b1dcc9,ILL00097017,2213,Plasmopara entospora,649732,(Roze & Cornu) J. Schr_t.,Plasmopara,entospora,Basidiophora,entospora,Basidiophora entospora,,,HA Edson,,,,,,,A B Seymour,,,5201,1882-06-15,1882,6,15,166,,,,,on Solidago rigida,Solidago rigida,Solidago rigida,Asteraceae,,,,,,,,,,,,,,,,,,North America,United States of America,Illinois,La Salle,Oglesby,Oglesby,,,,41.333368,-89.09175,WGS84,6503,,,titurri (2016-07-10 16:01:04),,georef batch tool 2016-07-10; GeoLocate,reviewed - high confidence,,,,,,,,,en,akuhn,2/1/17 11:51,,31,urn:uuid:c9ef81fe-0123-43c6-8916-293879b1dcc9,https://mycoportal.org:443/portal/collections/individual/index.php?occid=2643986
1037764,BPI,,,PreservedSpecimen,,BPI 187652,,Plasmopara entospora,649732,(Roze & Cornu) J. Schr_t.,Plasmopara,entospora,Basidiophora,entospora,Basidiophora entospora,,,"Edson, H. A.",,,,,,,A B Seymour,,,5201,1882-06-15,1882,6,15,166,,1882 Jun 15,,,,Solidago rigida,Solidago rigida,Asteraceae,,,,,,,,,,,,,,,,,,North America,United States of America,Illinois,,,Oglesby,,0,,41.295313,-89.059527,,3036,,,GeoLocate (High Precision),,,,,,,,,,,,,preprocessed,9/3/19 13:34,BPI 187652,24,urn:uuid:07105027-4e97-4223-b5f7-7265eb85f18e,https://mycoportal.org:443/portal/collections/individual/index.php?occid=1037764
2643989,ILL,,,PreservedSpecimen,72643ec6-7b9b-43fe-8be0-b9de4cd4d8d4,ILL00097019,2215,Plasmopara entospora,649732,(Roze & Cornu) J. Schr_t.,Plasmopara,entospora,Basidiophora,entospora,Basidiophora entospora,,,,,,,,,,A B Seymour,,,5295,1882-06-26,1882,6,26,177,,,,,on Solidago rigida,Solidago rigida,Solidago rigida,Asteraceae,,,,,,,,,,,,,,,,,,North America,United States of America,Illinois,Adams,Camp Point,Camp Point,,,,40.0578,-91.1353,WGS84,1000,,,titurri (2016-07-11 10:28:49),,georef batch tool 2016-07-11; GeoLocate,reviewed - high confidence,,,,,,,,,en,akuhn,2/1/17 11:51,,31,urn:uuid:72643ec6-7b9b-43fe-8be0-b9de4cd4d8d4,https://mycoportal.org:443/portal/collections/individual/index.php?occid=2643989
2643985,ILL,,,PreservedSpecimen,bff58e7c-27d1-4489-88db-72924048f2f8,ILL00097016,2212,Plasmopara entospora,649732,(Roze & Cornu) J. Schr_t.,Plasmopara,entospora,Basidiophora,entospora,Basidiophora entospora,,,,,,,,,,A B Seymour,,,5543,1882-07-14,1882,7,14,195,,,,,on Solidago rigida,Solidago rigida,Solidago rigida,Asteraceae,,,,,,,,,,,,,,,,,,North America,United States of America,Illinois,Mclean,Normal,Normal,,,,40.514203,-88.990631,,6559,,,titurri (2016-07-09 10:49:55),,georef batch tool 2016-07-09; GeoLocate,reviewed - high confidence,,,,,,,,,en,akuhn,2/1/17 11:51,,31,urn:uuid:bff58e7c-27d1-4489-88db-72924048f2f8,https://mycoportal.org:443/portal/collections/individual/index.php?occid=2643985
2756516,NCU,,,PreservedSpecimen,0bcef262-8a67-46c9-b3bc-172e168c7962,NCU-F-0018782,,Peronospora entospora,647110,(Roze & Cornu) Berk. & Broome,Peronospora,entospora,Basidiophora,entospora,Basidiophora entospora,,,A B Seymour,1882,,,,,,A B Seymour,,,5543,1882-07-14,1882,7,14,195,,"July 14, 1882.",ILLINOIS FUNGI,,,Solidago rigida,Solidago rigida,Asteraceae,,,,,,,,,,,,,,,,,,North America,United States of America,Illinois,Mclean,,Normal,,,,40.514203,-88.990631,,6559,,,carol ann mccormick (2016-02-15 07:34:46),,georef batch tool 2016-02-15; GeoLocate,reviewed - high confidence,#NAME?,,,,,,,,,yoonsoyoung,2/1/17 11:52,,14,urn:uuid:0bcef262-8a67-46c9-b3bc-172e168c7962,https://mycoportal.org:443/portal/collections/individual/index.php?occid=2756516
2756524,NCU,,,PreservedSpecimen,987b5cdb-00e5-4bbf-90e6-b33609770202,NCU-F-0018791,,Peronospora entospora,647110,(Roze & Cornu) Berk. & Broome,Peronospora,entospora,Basidiophora,entospora,Basidiophora entospora,,,A B Seymour,1882,,,,,,A B Seymour,,,5544,1882-07-14,1882,7,14,195,,July. 14. 1882,ILLINOIS FUNGI,,,,Solidago rigida,Asteraceae,,,,,,,,,,,,,,,,,,North America,United States of America,Illinois,Mclean,,Normal,,,,40.514203,-88.990631,,6559,,,carol ann mccormick (2016-02-15 07:34:46),,georef batch tool 2016-02-15; GeoLocate,reviewed - high confidence,#NAME?,,,,,,,,,yoonsoyoung,2/1/17 11:52,,14,urn:uuid:987b5cdb-00e5-4bbf-90e6-b33609770202,https://mycoportal.org:443/portal/collections/individual/index.php?occid=2756524
4410070,MSC,,,PreservedSpecimen,,MSC0218456,94376,Basidiophora eutospora,,,Basidiophora,entospora,Basidiophora,entospora,Basidiophora entospora,,,,,,,,,,W Trelease,,,15,1882-09-02,1882,9,2,245,,,,,on Aster Nevae,Aster Nevae,Aster sp,Asteraceae,,,,,,,,,,,,,,,,,,North America,United States of America,Wisconsin,,Syene,,,0,,43.004974,-89.395779,WGS84,2334,,,MichaellaMcB (2017-12-03 14:18:26),,georef batch tool 2017-12-03; GeoLocate,reviewed - high confidence,,,,,,,,,,,1/10/19 16:22,,66,urn:uuid:22a5388c-d8fb-474c-acb4-8d6886efeb94,https://mycoportal.org:443/portal/collections/individual/index.php?occid=4410070
2756517,NCU,,,PreservedSpecimen,0b0d4e35-5aad-4334-adf7-818aa34ebbec,NCU-F-0018783,,Peronospora entospora,647110,(Roze & Cornu) Berk. & Broome,Peronospora,entospora,Basidiophora,entospora,Basidiophora entospora,,,A B Seymour,1882,,,,,,A B Seymour,,,5770,1882-09-11,1882,9,11,254,,"Sept. 11, 1882",ILLINOIS FUNGI,,,Solidago rigida,Solidago rigida,Asteraceae,,,,,,,,,,,,,,,,,,North America,United States of America,California,Solano,,Dixon,,,,38.445464,-121.823296,WGS84,4926,,,"McCormick, Carol Ann",,GeoLocate,,#NAME?,,,,,,,,,yoonsoyoung,2/1/17 11:52,,14,urn:uuid:0b0d4e35-5aad-4334-adf7-818aa34ebbec,https://mycoportal.org:443/portal/collections/individual/index.php?occid=2756517
2643991,ILL,,,PreservedSpecimen,a6e6de42-e212-42ca-bd9d-0399b6f43db7,ILL00097020,2218,Plasmopara entospora,649732,(Roze & Cornu) J. Schr_t.,Plasmopara,entospora,Basidiophora,entospora,Basidiophora entospora,,,,,,,,,,A B Seymour,,,5770,1882-09-11,1882,9,11,254,,,,,on Solidago rigida,Solidago rigida,Solidago rigida,Asteraceae,,,,,,,,,,,,,,,,,,North America,United States of America,Illinois,Lee,Dixon,Dixon,,,,41.838921,-89.479548,WGS84,5476,,,titurri (2016-07-12 09:29:37),,georef batch tool 2016-07-12; GeoLocate,reviewed - high confidence,,,,,,,,,en,akuhn,2/1/17 11:51,,31,urn:uuid:a6e6de42-e212-42ca-bd9d-0399b6f43db7,https://mycoportal.org:443/portal/collections/individual/index.php?occid=2643991
1037758,BPI,,,PreservedSpecimen,,BPI 187647,,Plasmopara entospora,649732,(Roze & Cornu) J. Schr_t.,Plasmopara,entospora,Basidiophora,entospora,Basidiophora entospora,,,,,,,,,,A B Seymour,,,5770,1882-09-11,1882,9,11,254,,1882 Sep 11,,,,Solidago rigida,Solidago rigida,Asteraceae,,,,,,,,,,,,,,,,,,North America,United States of America,Illinois,,,Dixon,,0,,41.838921,-89.479548,,5476,,,GeoLocate (High Precision),,,,,,,,,,,,,preprocessed,9/3/19 13:34,BPI 187647,24,urn:uuid:4f36b5af-1a9d-480b-bce3-414106520942,https://mycoportal.org:443/portal/collections/individual/index.php?occid=1037758
2643977,ILL,,,PreservedSpecimen,16985322-76b2-411a-b480-822ea4592d2b,ILL00097010,2204,Plasmopara entospora,649732,(Roze & Cornu) J. Schr_t.,Plasmopara,entospora,Basidiophora,entospora,Basidiophora entospora,,,,,,,,,,A B Seymour,,,6005,1882-09-19,1882,9,19,262,,,,,on Aster sp,Aster sp,Aster sp,Asteraceae,,,,,,,,,,,,,,,,,,North America,United States of America,Illinois,Jo Daviess,Galeria & Council Hill,Galeria & Council Hill,,,,42.416674,-90.429017,WGS84,3399,,,titurri (2016-07-11 07:15:38),,georef batch tool 2016-07-10; GeoLocate,reviewed - high confidence,,,,,,,,,en,akuhn,2/1/17 11:51,,31,urn:uuid:16985322-76b2-411a-b480-822ea4592d2b,https://mycoportal.org:443/portal/collections/individual/index.php?occid=2643977
1037724,BPI,,,PreservedSpecimen,,BPI 187613,,Plasmopara entospora,649732,(Roze & Cornu) J. Schr_t.,Plasmopara,entospora,Basidiophora,entospora,Basidiophora entospora,,,,,,,,,,A B Seymour,,,6005,1882-09-19,1882,9,19,262,,1882 Sep 19,,,,Aster sp,Aster sp,Asteraceae,,,,,,,,,,,,,,,,,,North America,United States of America,Illinois,,,Galeria & Council Hill,,0,,,,,,,,,,,,,,,,,,,,,preprocessed,9/3/19 13:34,BPI 187613,24,urn:uuid:8e8f7710-d7b3-46eb-a02a-0ec83b6da5cd,https://mycoportal.org:443/portal/collections/individual/index.php?occid=1037724
2643957,ILL,,,PreservedSpecimen,bbf77d90-0845-4dbb-941a-255178da2fe8,ILL00096998,2913,Plasmopara entospora,649732,(Roze & Cornu) J. Schr_t.,Plasmopara,entospora,Basidiophora,entospora,Basidiophora entospora,,,AJ Watson,,,,,,,A B Seymour,,,6022,1882-09-20,1882,9,20,263,,,,,on Solidago rigida,Solidago rigida,Solidago rigida,Asteraceae,,,,,,,,,,,,,,,,,,North America,United States of America,Illinois,Carroll,Apple River,Apple River,,,,42.094467,-90.156794,WGS84,3242,,,titurri (2016-07-11 11:52:44),,georef batch tool 2016-07-11; GeoLocate,reviewed - high confidence,,,,,,,,,en,akuhn,2/1/17 11:51,,31,urn:uuid:bbf77d90-0845-4dbb-941a-255178da2fe8,https://mycoportal.org:443/portal/collections/individual/index.php?occid=2643957
2643988,ILL,,,PreservedSpecimen,72afad7a-4277-41d3-a93b-86e03036c224,ILL00097018,2214,Plasmopara entospora,649732,(Roze & Cornu) J. Schr_t.,Plasmopara,entospora,Basidiophora,entospora,Basidiophora entospora,,,,,,,,,,A B Seymour,,,6022,1882-09-20,1882,9,20,263,,,,,on Solidago rigida,Solidago rigida,Solidago rigida,Asteraceae,,,,,,,,,,,,,,,,,,North America,United States of America,Illinois,Jo Daviess,Apple River,Apple River,,,,42.365711,-90.212415,WGS84,14542,,,titurri (2016-07-12 09:30:52),,georef batch tool 2016-07-12; GeoLocate,reviewed - high confidence,,,,,,,,,en,akuhn,2/1/17 11:51,,31,urn:uuid:72afad7a-4277-41d3-a93b-86e03036c224,https://mycoportal.org:443/portal/collections/individual/index.php?occid=2643988
2756511,NCU,,,PreservedSpecimen,2bb24771-d7c8-43ef-aeae-751739146d5b,NCU-F-0018778,,Peronospora entospora,647110,(Roze & Cornu) Berk. & Broome,Peronospora,entospora,Basidiophora,entospora,Basidiophora entospora,,,A B Seymour,1882,,,,,,A B Seymour,,,6022,1882-09-20,1882,9,20,263,,Sept. 20. 1882.,ILLINOIS FUNGI,,,Solidago rigida,Solidago rigida,Asteraceae,,,,,,,,,,,,,,,,,,North America,United States of America,Illinois,Jo Daviess,,Apple River,,,,42.502639,-90.094536,,1241,,,carol ann mccormick (2016-02-15 07:34:09),,georef batch tool 2016-02-15; GeoLocate,reviewed - high confidence,#NAME?,,,,,,,,,yoonsoyoung,2/1/17 11:52,,14,urn:uuid:2bb24771-d7c8-43ef-aeae-751739146d5b,https://mycoportal.org:443/portal/collections/individual/index.php?occid=2756511
1037759,BPI,,,PreservedSpecimen,,BPI 187648a,,Plasmopara entospora,649732,(Roze & Cornu) J. Schr_t.,Plasmopara,entospora,Basidiophora,entospora,Basidiophora entospora,,,"Watson, A. J.",,,,,,,A B Seymour,,,6022,1882-09-20,1882,9,20,263,,1882 Sep 20,,,,Solidago rigida,Solidago rigida,Asteraceae,,,,,,,,,,,,,,,,,,North America,United States of America,Illinois,,,Apple River,,0,,42.505005,-90.098736,,1241,,,GeoLocate (High Precision),,,,,,,,,,,,,preprocessed,9/3/19 13:34,BPI 187648a,24,urn:uuid:d52ceb4d-c4ff-42e3-8a8c-7ca7f9cf4d9b,https://mycoportal.org:443/portal/collections/individual/index.php?occid=1037759
2643950,ILL,,,PreservedSpecimen,1a425cd5-9ea0-41ba-bcf2-82443ea4c2d6,ILL00096995,2196,Plasmopara entospora,649732,(Roze & Cornu) J. Schr_t.,Plasmopara,entospora,Basidiophora,entospora,Basidiophora entospora,,,,,,,,,,A B Seymour,,,4746,1882-05-23,1882,,,,,,,,on Erigeron canadense,Erigeron canadense,Erigeron canadensis,Asteraceae,,,,,,,,,,,,,,,,,,North America,United States of America,Illinois,Mclean,Normal,Normal,,0,,40.514203,-88.990631,,6559,,,titurri (2016-07-09 10:49:55),,georef batch tool 2016-07-09; GeoLocate,reviewed - high confidence,,,,,,,,,en,akuhn,2/1/17 11:51,,31,urn:uuid:1a425cd5-9ea0-41ba-bcf2-82443ea4c2d6,https://mycoportal.org:443/portal/collections/individual/index.php?occid=2643950
2643993,ILL,,,PreservedSpecimen,bdc9d921-38d0-4d2a-a14f-40daf93c22e3,ILL00097022,2216,Plasmopara entospora,649732,(Roze & Cornu) J. Schr_t.,Plasmopara,entospora,Basidiophora,entospora,Basidiophora entospora,,,HA Edson,,,,,,,F S Earle,,,5022,1882-04-29,1882,,,,,,,,on Erigeron canadense,Erigeron canadense,Erigeron canadensis,Asteraceae,,,,,,,,,,,,,,,,,,North America,United States of America,Illinois,Union,Anna,Anna,,,,37.460327,-89.247028,WGS84,2930,,,titurri (2016-07-10 15:59:55),,georef batch tool 2016-07-10; GeoLocate,reviewed - high confidence,,,,,,,,,en,akuhn,2/1/17 11:51,,31,urn:uuid:bdc9d921-38d0-4d2a-a14f-40daf93c22e3,https://mycoportal.org:443/portal/collections/individual/index.php?occid=2643993
2643979,ILL,,,PreservedSpecimen,f0539d43-5ca8-41ad-8674-488524005a69,ILL00097012,2208,Plasmopara entospora,649732,(Roze & Cornu) J. Schr_t.,Plasmopara,entospora,Basidiophora,entospora,Basidiophora entospora,,,,,,,,,,A B Seymour,,,4719,1882-05-20,1882,,,,,,,,on Solidago rigida,Solidago rigida,Solidago rigida,Asteraceae,,,,,,,,,,,,,,,,,,North America,United States of America,Illinois,Mclean,Normal,Normal,,,,40.514203,-88.990631,,6559,,,titurri (2016-07-09 10:49:55),,georef batch tool 2016-07-09; GeoLocate,reviewed - high confidence,,,,,,,,,en,akuhn,2/1/17 11:51,,31,urn:uuid:f0539d43-5ca8-41ad-8674-488524005a69,https://mycoportal.org:443/portal/collections/individual/index.php?occid=2643979
2643978,ILL,,,PreservedSpecimen,07eac567-5067-46e7-bca6-90623eff030f,ILL00097011,2207,Plasmopara entospora,649732,(Roze & Cornu) J. Schr_t.,Plasmopara,entospora,Basidiophora,entospora,Basidiophora entospora,,,,,,,,,,A B Seymour,,,4856,1882-05-31,1882,,,,,,,,on Solidago rigida,Solidago rigida,Solidago rigida,Asteraceae,,,,,,,,,,,,,,,,,,North America,United States of America,Illinois,Mclean,Normal,Normal,,,,40.514203,-88.990631,,6559,,,titurri (2016-07-09 10:49:55),,georef batch tool 2016-07-09; GeoLocate,reviewed - high confidence,,,,,,,,,en,akuhn,2/1/17 11:51,,31,urn:uuid:07eac567-5067-46e7-bca6-90623eff030f,https://mycoportal.org:443/portal/collections/individual/index.php?occid=2643978
7871299,NY,NY,,PreservedSpecimen,3c74fbde-c254-4802-a4a1-5da142b4c4af,1959121,,Basidiophora entospora,629138,Roze & Cornu,Basidiophora,entospora,Basidiophora,entospora,Basidiophora entospora,,,,,,,,,,F S Earle,,,102,1884-04-29,1884,4,29,120,,29 Apr 1884,,,,Erigeron ramosus,Erigeron divergens,Asteraceae,,,<a href='http://sweetgum.nybg.org/science/vh/specimen_details.php?irn=2730764' target='_blank' style='color: blue;'> Link back to original record for NY Barcode # 1959121</a>,,,,,,,,,,,,,,packeted,North America,United States of America,Illinois,Union Co.,,Anna.,,0,,37.460463,-89.233638,WGS84,2464,,,,"BioGeomancer, Guide to Best Practices for Georefer",GEOLocate Batch Processing Tool,,4/5/16,,,,,,,,en,preprocessed,12/19/19 18:52,3c74fbde-c254-4802-a4a1-5da142b4c4af,3,urn:uuid:3c722fcf-2860-4d46-bd01-1319575502aa,https://mycoportal.org:443/portal/collections/individual/index.php?occid=7871299
2756521,NCU,,,PreservedSpecimen,3a1e490a-6e9c-4da3-aeae-cabcb5ed7593,NCU-F-0018786,,Peronospora entospora,647110,(Roze & Cornu) Berk. & Broome,Peronospora,entospora,Basidiophora,entospora,Basidiophora entospora,,,"Earle, Franklin Sumner",1884-04-29,,,,,,F S Earle,,,102,1884-04-29,1884,4,29,120,,Apr. 29 '84,May be another record with same number,,,Erigeron,Erigeron sp,Asteraceae,,,,,,,,,,,,,,,,,,North America,United States of America,Illinois,Union,,Anna,,,,37.460327,-89.247028,,2930,,,carol ann mccormick (2016-02-15 07:26:02),,georef batch tool 2016-02-15; GeoLocate,reviewed - high confidence,#NAME?,,,,,,,,,yoonsoyoung,2/1/17 11:52,,14,urn:uuid:3a1e490a-6e9c-4da3-aeae-cabcb5ed7593,https://mycoportal.org:443/portal/collections/individual/index.php?occid=2756521
2521938,ILLS,,,PreservedSpecimen,,,66738,Peronospora entospora,647110,(Roze & Cornu) Berk. & Broome,Peronospora,entospora,Basidiophora,entospora,Basidiophora entospora,,,J.L. Crane (ILLS) 2011 AS Peronospora entospora (Roze & Cornu) Berkeley & Broome F S Earle 1884 AS Peronospora entospora (Roze & Cornu) Berkeley & Broome,,,,,,,F S Earle,,,3358,1884-04-29,1884,4,29,120,,,Ex SIU 438; Ex Herbarium F S Earle,,On Erigenia,Erigenia,Erigeron sp,Asteraceae,,,,,,,,,,,,,,,,,,North America,United States of America,Illinois,Union County,,"Anna, Illinois.",,0,,37.4603,-89.2469,,,,,titurri,,,,,,,,,,,previously at SIUC,,,9/10/18 11:17,60845,2,urn:uuid:72eb281a-2a0f-47fe-83a7-8f87c15a6efa,https://mycoportal.org:443/portal/collections/individual/index.php?occid=2521938
7648655,NY,NY,,PreservedSpecimen,f593f8ef-30f2-4651-b08d-dddd184051a2,1959120,,Basidiophora entospora,629138,Roze & Cornu,Basidiophora,entospora,Basidiophora,entospora,Basidiophora entospora,,,,,,,,,,,,,s.n.,1884-04-29,1884,4,29,120,,29 Apr 1884,,,,,Erigeron sp,Asteraceae,,,<a href='http://sweetgum.nybg.org/science/vh/specimen_details.php?irn=2730763' target='_blank' style='color: blue;'> Link back to original record for NY Barcode # 1959120</a>,,,,,,,,,,,,,,packeted,North America,United States of America,Illinois,Union Co.,,Anna.,,0,,37.460463,-89.233638,WGS84,2464,,,,"BioGeomancer, Guide to Best Practices for Georefer",GEOLocate Batch Processing Tool,,4/5/16,,,,,,,,en,preprocessed,12/19/19 18:52,f593f8ef-30f2-4651-b08d-dddd184051a2,3,urn:uuid:8e7da0fe-b253-4c8a-ab87-1b31ae14f99a,https://mycoportal.org:443/portal/collections/individual/index.php?occid=7648655
2643962,ILL,,,PreservedSpecimen,6b1ea359-bf2f-4be6-9259-353ff7212174,ILL00097000,2914,Plasmopara entospora,649732,(Roze & Cornu) J. Schr_t.,Plasmopara,entospora,Basidiophora,entospora,Basidiophora entospora,,,,,,,,,,A B Seymour,,,6477,1884-06-30,1884,6,30,182,,,,,on Solidago rigida,Solidago rigida,Solidago rigida,Asteraceae,,,,,,,,,,,,,,,,,,North America,United States of America,Illinois,Champaign,Champaign & Leverett,Champaign & Leverett,,,,40.11642,-88.243383,WGS84,7338,,,titurri (2016-07-09 14:37:57),,georef batch tool 2016-07-09; GeoLocate,reviewed - high confidence,,,,,,,,,en,akuhn,2/1/17 11:51,,31,urn:uuid:6b1ea359-bf2f-4be6-9259-353ff7212174,https://mycoportal.org:443/portal/collections/individual/index.php?occid=2643962
1037767,BPI,,,PreservedSpecimen,,BPI 187655,,Plasmopara entospora,649732,(Roze & Cornu) J. Schr_t.,Plasmopara,entospora,Basidiophora,entospora,Basidiophora entospora,,,,,,,,,,A B Seymour,,,6477,1884-06-30,1884,6,30,182,,1884 Jun 30,,,,Solidago rigida,Solidago rigida,Asteraceae,,,,,,,,,,,,,,,,,,North America,United States of America,Illinois,,,Champaign & Leverett,,0,,,,,,,,,,,,,,,,,,,,,preprocessed,9/3/19 13:34,BPI 187655,24,urn:uuid:aa7202b3-f9e1-4acf-9a32-250cfb73180c,https://mycoportal.org:443/portal/collections/individual/index.php?occid=1037767
1037468,BPI,,,PreservedSpecimen,,BPI 187359,,Basidiophora entospora,629138,Roze & Cornu,Basidiophora,entospora,Basidiophora,entospora,Basidiophora entospora,,,,,,,,,,L H Pammel,,,,1884-07-04,1884,7,4,186,,1884 Jul 04,,,,Solidago sp,Solidago sp,Asteraceae,,,,,,,,,,,,,,,,,,North America,United States of America,Wisconsin,,,La Crosse,,0,,43.801356,-91.239581,,9717,,,GeoLocate (High Precision),,,,,,,,,,,,,preprocessed,9/3/19 13:34,BPI 187359,24,urn:uuid:39bc0529-71b0-4171-ba14-067cbd8f3381,https://mycoportal.org:443/portal/collections/individual/index.php?occid=1037468
1037469,BPI,,,PreservedSpecimen,,BPI 187360,,Basidiophora entospora,629138,Roze & Cornu,Basidiophora,entospora,Basidiophora,entospora,Basidiophora entospora,,,,,,,,,,L H Pammel,,,,1884-07-04,1884,7,4,186,,1884 Jul 04,,,,Solidago sp,Solidago sp,Asteraceae,,,,,,,,,,,,,,,,,,North America,United States of America,Wisconsin,,,La Crosse,,0,,43.801356,-91.239581,,9717,,,GeoLocate (High Precision),,,,,,,,,,,,,preprocessed,9/3/19 13:34,BPI 187360,24,urn:uuid:4b099863-5ee4-4383-9bb7-d16e4218f324,https://mycoportal.org:443/portal/collections/individual/index.php?occid=1037469
2756512,NCU,,,PreservedSpecimen,e3dd23d6-c2ed-4c69-a719-1a31cdeb0acd,NCU-F-0018779,,Peronospora entospora,647110,(Roze & Cornu) Berk. & Broome,Peronospora,entospora,Basidiophora,entospora,Basidiophora entospora,,,A B Seymour,1884,,,,,,A B Seymour,,,272,1884-07-14,1884,7,14,196,,"July 14, 1884.",,,,,Solidago rigida,Asteraceae,,,,,,,,,,,,,,,,,,North America,United States of America,Illinois,Champaign,,Champaign,,,,40.11642,-88.243383,,7338,,,carol ann mccormick (2016-02-15 07:33:28),,georef batch tool 2016-02-15; GeoLocate,reviewed - high confidence,#NAME?,,,,,,,,,yoonsoyoung,2/1/17 11:52,,14,urn:uuid:e3dd23d6-c2ed-4c69-a719-1a31cdeb0acd,https://mycoportal.org:443/portal/collections/individual/index.php?occid=2756512
7649157,NY,NY,,PreservedSpecimen,4ddf1e20-0229-48b7-a048-e266356cdb60,1959126,,Basidiophora entospora,629138,Roze & Cornu,Basidiophora,entospora,Basidiophora,entospora,Basidiophora entospora,,,,,,,,,,A B Seymour,,,s.n.,1884-07-14,1884,7,14,196,,14 Jul 1884,,,,,Solidago rigida,Asteraceae,,,<a href='http://sweetgum.nybg.org/science/vh/specimen_details.php?irn=2730769' target='_blank' style='color: blue;'> Link back to original record for NY Barcode # 1959126</a>,,,,,,,,,,,,,,packeted,North America,United States of America,Illinois,Champaign Co.,,Champaign.,,0,,40.116683,-88.258489,WGS84,6188,,,,"BioGeomancer, Guide to Best Practices for Georefer",GEOLocate Batch Processing Tool,,4/5/16,,,,,,,,en,preprocessed,12/19/19 18:52,4ddf1e20-0229-48b7-a048-e266356cdb60,3,urn:uuid:15a40638-ff60-4e77-b228-04995dce9592,https://mycoportal.org:443/portal/collections/individual/index.php?occid=7649157
7649158,NY,NY,,PreservedSpecimen,2440676c-95cb-4394-8749-29459123625a,1959127,,Basidiophora entospora,629138,Roze & Cornu,Basidiophora,entospora,Basidiophora,entospora,Basidiophora entospora,,,,,,,,,,A B Seymour,,,s.n.,1884-07-14,1884,7,14,196,,14 Jul 1884,,,,,Solidago rigida,Asteraceae,,,<a href='http://sweetgum.nybg.org/science/vh/specimen_details.php?irn=2730770' target='_blank' style='color: blue;'> Link back to original record for NY Barcode # 1959127</a>,,,,,,,,,,,,,,packeted,North America,United States of America,Illinois,Champaign Co.,,Champaign.,,0,,40.116683,-88.258489,WGS84,6188,,,,"BioGeomancer, Guide to Best Practices for Georefer",GEOLocate Batch Processing Tool,,4/5/16,,,,,,,,en,preprocessed,12/19/19 18:52,2440676c-95cb-4394-8749-29459123625a,3,urn:uuid:b9153acd-0a4e-4d9d-ba10-eea90e4cb997,https://mycoportal.org:443/portal/collections/individual/index.php?occid=7649158
2756514,NCU,,,PreservedSpecimen,0b8f6c8d-e1c0-44ca-ae1c-def777710a62,NCU-F-0018781,,Peronospora entospora,647110,(Roze & Cornu) Berk. & Broome,Peronospora,entospora,Basidiophora,entospora,Basidiophora entospora,,,,,,,,,,A B Seymour,,,,1884-07-14,1884,7,14,196,,"July 14, 1884",,,,Solidago rigida,Solidago rigida,Asteraceae,,,,,,,,,,,,,,,,,,North America,United States of America,Illinois,Champaign,,Champaign,,,,40.11642,-88.243383,,7338,,,carol ann mccormick (2016-02-15 07:33:28),,georef batch tool 2016-02-15; GeoLocate,reviewed - high confidence,#NAME?,,,,,,,,,yoonsoyoung,2/1/17 11:52,,14,urn:uuid:0b8f6c8d-e1c0-44ca-ae1c-def777710a62,https://mycoportal.org:443/portal/collections/individual/index.php?occid=2756514
1827162,BPI,,,PreservedSpecimen,,BPI 865111,,Basidiophora entospora,629138,Roze & Cornu,Basidiophora,entospora,Basidiophora,entospora,Basidiophora entospora,,,,,,,,,,A B Seymour,,,,1884-07-14,1884,7,14,196,,1884 Jul 14,,,,Solidago rigida,Solidago rigida,Asteraceae,,,,,,,,,,,,,,,,,,North America,United States of America,Illinois,,,Champaign,,0,,40.11642,-88.243383,,7338,,,GeoLocate (High Precision),,,,,,,,,,,,,preprocessed,9/3/19 13:34,BPI 865111,24,urn:uuid:baeceaae-2eb6-45bb-877f-ed2cfb2f361d,https://mycoportal.org:443/portal/collections/individual/index.php?occid=1827162
2643992,ILL,,,PreservedSpecimen,304d5f0c-00a5-47f3-b2fd-11550890e70d,ILL00097021,2217,Plasmopara entospora,649732,(Roze & Cornu) J. Schr_t.,Plasmopara,entospora,Basidiophora,entospora,Basidiophora entospora,,,,,,,,,,,,,21906,1884-07-14,1884,7,14,196,,,,,on Solidago rigida,Solidago rigida,Solidago rigida,Asteraceae,,,,,,,,,,,,,,,,,,North America,United States of America,Illinois,Champaign,Champaign,Champaign,,,,40.11642,-88.243383,WGS84,7338,,,titurri (2016-07-09 14:37:57),,georef batch tool 2016-07-09; GeoLocate,reviewed - high confidence,,,,,,,,,en,akuhn,2/1/17 11:51,,31,urn:uuid:304d5f0c-00a5-47f3-b2fd-11550890e70d,https://mycoportal.org:443/portal/collections/individual/index.php?occid=2643992
1746250,BPI,,,PreservedSpecimen,,BPI 788389,,Peronospora entospora,647110,(Roze & Cornu) Berk. & Broome,Peronospora,entospora,Basidiophora,entospora,Basidiophora entospora,,,,,,,,,,,,,,1884-07-14,1884,7,14,196,,1884 Jul 14,,,,Solidago rigida,Solidago rigida,Asteraceae,,,,,,,,,,,,,,,,,,North America,United States of America,Illinois,,,Champaign,,0,,40.11642,-88.243383,,7338,,,GeoLocate (High Precision),,,,,,,,,,,,,preprocessed,9/3/19 13:34,BPI 788389,24,urn:uuid:8510bae6-4ad0-4fdd-b5ef-500666649177,https://mycoportal.org:443/portal/collections/individual/index.php?occid=1746250
2696101,ISC,,,PreservedSpecimen,71a01a57-eead-42e6-b6ca-9d9ab9e8224f,ISC-F-0075076,ISC0357831,Basidiophora entospora,629138,Roze & Cornu,Basidiophora,entospora,Basidiophora,entospora,Basidiophora entospora,,,J F Shearer,1989,,,,,,A B Seymour,,,3277,1884-07-00,1884,7,,,,,,,folia viva Solidaginis rigidae,Solidaginis rigidae,Solidago rigida,Asteraceae,,,,,,,,,,,,,,,,,,North America,United States of America,Illinois,,,Champaign,,,,40.11642,-88.243383,,7338,,,anason (2018-07-17 08:24:35),,georef batch tool 2018-07-17; GeoLocate,reviewed - high confidence,,,,,,,,,,tbunting,7/17/18 10:24,,20,urn:uuid:71a01a57-eead-42e6-b6ca-9d9ab9e8224f,https://mycoportal.org:443/portal/collections/individual/index.php?occid=2696101
4410069,MSC,,,PreservedSpecimen,,MSC0218455,94375,Peronospora entospora,647110,(Roze & Cornu) Berk. & Broome,Peronospora,entospora,Basidiophora,entospora,Basidiophora entospora,,,,,,,,,,A B Seymour,,,1405b,1884-07-00,1884,7,,,,1884-7,,,on Solidago rigida,Solidago rigida,Solidago rigida,Asteraceae,,,,,,,,,,,,,,,,,,North America,United States of America,Illinois,,Champaign,,,0,,40.11642,-88.243383,WGS84,7338,,,MichaellaMcB (2017-11-02 15:42:16),,georef batch tool 2017-11-02; GeoLocate,reviewed - high confidence,,,,,,,,,,,1/10/19 16:22,,66,urn:uuid:e92e4849-143c-4253-964f-d8e2811aff7e,https://mycoportal.org:443/portal/collections/individual/index.php?occid=4410069
1037757,BPI,,,PreservedSpecimen,,BPI 187646,,Plasmopara entospora,649732,(Roze & Cornu) J. Schr_t.,Plasmopara,entospora,Basidiophora,entospora,Basidiophora entospora,,,,,,,,,,A B Seymour,,,1405b,1884-07-00,1884,7,,,,1884 Jul 00,,,,Solidago rigida,Solidago rigida,Asteraceae,,,,,,,,,,,,,,,,,,North America,United States of America,Illinois,,,Champaign,,0,,40.11642,-88.243383,,7338,,,GeoLocate (High Precision),,,,,,,,,,,,,preprocessed,9/3/19 13:34,BPI 187646,24,urn:uuid:eb467538-5c6a-44a2-988f-99baf5c36bce,https://mycoportal.org:443/portal/collections/individual/index.php?occid=1037757
3851836,PH,,,PreservedSpecimen,,PH00314339,,Basidiophora entospora,629138,Roze & Cornu,Basidiophora,entospora,Basidiophora,entospora,Basidiophora entospora,,,,,,,,,,A B Seymour,,,1405b,1884-07-00,1884,7,,,,,,,On Solidago rigida.,Solidago rigida,Solidago rigida,Asteraceae,,,,,,,,,,,,,,,,,,North America,United States of America,Illinois,,,Champaign,,0,,40.116945,-88.260549,WGS84,6252,,,hguirgis (2017-08-03 09:02:53),,georef batch tool 2017-08-03; GeoLocate,reviewed - high confidence,"Georeferenced to geographic center of Champaign, using Google Streets base map.",,,,,,,,,hpatel,9/4/19 17:41,,67,urn:uuid:fe22fdd1-0d66-4ff1-94a8-ac3570ec25b8,https://mycoportal.org:443/portal/collections/individual/index.php?occid=3851836
3585735,MU,,,PreservedSpecimen,d79db2d1-cd69-4a51-a26f-b5ecd32dc133,228324,MU-F-53584,Peronospora entospora,647110,(Roze & Cornu) Berk. & Broome,Peronospora,entospora,Basidiophora,entospora,Basidiophora entospora,,,,,,,,,,A B Seymour,,,1405b,1884-07-00,1884,7,,,,,,,On Solidago rigida.,Solidago rigida.,Solidago rigida,Asteraceae,,,,,,,,,,,,,,,,,,North America,United States of America,Illinois,,,Champaign,,,,40.11642,-88.243383,,7338,,,koelper2 (2020-06-16 07:40:36),,georef batch tool 2020-06-16; GeoLocate,reviewed - high confidence,,,,,,,,,,betschbb,6/16/20 9:40,,32,urn:uuid:d79db2d1-cd69-4a51-a26f-b5ecd32dc133,https://mycoportal.org:443/portal/collections/individual/index.php?occid=3585735
3666504,PH,,,PreservedSpecimen,,PH00300568,,Peronospora entospora,647110,(Roze & Cornu) Berk. & Broome,Peronospora,entospora,Basidiophora,entospora,Basidiophora entospora,,,,,,,,,,A B Seymour,,,s.n.,1884-07-00,1884,7,,,,,,,Ad folia viva Solidaginis rigidae (on living leaves of Solidago rigida),Solidago rigida,Solidago rigida,Asteraceae,,,,,,,,,,,,,,,,,,North America,United States of America,Illinois,Champaign,,Near Champaign.,,0,,40.116683,-88.258489,WGS84,6188,,,Michael Yost (2016-04-05 12:56:43),GBIF Best Practices,georef batch tool 2016-04-05; GeoLocate,reviewed - high confidence,Coordinates transferred from dupE at NY. Georeferenced to geographic center of Champaign with uncertainty radius encompassing city limit boundaries.,,,,,,,,,ebenamy,1/30/17 22:24,,67,urn:uuid:0ed11783-f5c6-4154-b194-b5ae1c6ca9e4,https://mycoportal.org:443/portal/collections/individual/index.php?occid=3666504
3564274,F,,,PreservedSpecimen,,C0258700F,,Basidiophora entospora,629138,Roze & Cornu,Basidiophora,entospora,Basidiophora,entospora,Basidiophora entospora,,,,,,,,,,A B Seymour,,,s.n.,1884-07-00,1884,7,,,,,,,,,Solidago rigida,Asteraceae,,,,,,,,,,,,,,,,,,North America,United States of America,Illinois,Champaign,,,,,,,,,,,,,,,,,,,,,,,,en,sabinehuhndorf,2/2/17 8:45,,11,urn:uuid:7c74071d-611d-4754-8fba-d4a41e9b0cc1,https://mycoportal.org:443/portal/collections/individual/index.php?occid=3564274
7591446,NY,NY,,PreservedSpecimen,dc89d0e7-5be6-44df-8abf-3d7741d32dd9,1959138,,Basidiophora entospora,629138,Roze & Cornu,Basidiophora,entospora,Basidiophora,entospora,Basidiophora entospora,,,,,,,,,,A B Seymour,,,s.n.,1884-07-00,1884,7,,,,Jul 1884,,,,,Solidago rigida,Asteraceae,,,<a href='http://sweetgum.nybg.org/science/vh/specimen_details.php?irn=2730781' target='_blank' style='color: blue;'> Link back to original record for NY Barcode # 1959138</a>,,,,,,,,,,,,,,packeted,North America,United States of America,Illinois,Champaign Co.,,Champaign.,,0,,40.116683,-88.258489,WGS84,6188,,,,"BioGeomancer, Guide to Best Practices for Georefer",GEOLocate Batch Processing Tool,,4/5/16,,,,,,,,en,preprocessed,12/19/19 18:52,dc89d0e7-5be6-44df-8abf-3d7741d32dd9,3,urn:uuid:a60f8f4d-24f5-4bf0-9678-0d6d38a3a749,https://mycoportal.org:443/portal/collections/individual/index.php?occid=7591446
7667652,NY,NY,,PreservedSpecimen,efafc19a-a651-4345-b387-9aa94dcc0e77,1959128,,Basidiophora entospora,629138,Roze & Cornu,Basidiophora,entospora,Basidiophora,entospora,Basidiophora entospora,,,,,,,,,,A B Seymour,,,s.n.,1884-07-00,1884,7,,,,Jul 1884,,,,,Solidago rigida,Asteraceae,,,<a href='http://sweetgum.nybg.org/science/vh/specimen_details.php?irn=2730771' target='_blank' style='color: blue;'> Link back to original record for NY Barcode # 1959128</a>,,,,,,,,,,,,,,packeted,North America,United States of America,Illinois,Champaign Co.,,Champaign.,,0,,40.116683,-88.258489,WGS84,6188,,,,"BioGeomancer, Guide to Best Practices for Georefer",GEOLocate Batch Processing Tool,,4/5/16,,,,,,,,en,preprocessed,12/19/19 18:52,efafc19a-a651-4345-b387-9aa94dcc0e77,3,urn:uuid:ba64bcf4-6a34-44db-b7f1-02a9d5b4ed7b,https://mycoportal.org:443/portal/collections/individual/index.php?occid=7667652
7683378,NY,NY,,PreservedSpecimen,64e9172b-6e5b-4129-b79a-17e97316e698,1959129,,Basidiophora entospora,629138,Roze & Cornu,Basidiophora,entospora,Basidiophora,entospora,Basidiophora entospora,,,,,,,,,,A B Seymour,,,s.n.,1884-07-00,1884,7,,,,Jul 1884,,,,,Solidago rigida,Asteraceae,,,<a href='http://sweetgum.nybg.org/science/vh/specimen_details.php?irn=2730772' target='_blank' style='color: blue;'> Link back to original record for NY Barcode # 1959129</a>,,,,,,,,,,,,,,packeted,North America,United States of America,Illinois,Champaign Co.,,Champaign.,,0,,40.116683,-88.258489,WGS84,6188,,,,"BioGeomancer, Guide to Best Practices for Georefer",GEOLocate Batch Processing Tool,,4/5/16,,,,,,,,en,preprocessed,12/19/19 18:52,64e9172b-6e5b-4129-b79a-17e97316e698,3,urn:uuid:876e48bc-5be6-4f5f-8fc1-c335bcf2f126,https://mycoportal.org:443/portal/collections/individual/index.php?occid=7683378
2707711,ILL,,,PreservedSpecimen,7e4154bb-373a-44d7-a568-7ca9a8449c98,ILL00098659,,Peronospora entospora,647110,(Roze & Cornu) Berk. & Broome,Peronospora,entospora,Basidiophora,entospora,Basidiophora entospora,,,,,,,,,,A B Seymour,,,,1884-07-00,1884,7,,,,,,,On Solidago rigida.,Solidago rigida.,Solidago rigida,Asteraceae,,,,,,,,,,,,,,,,,,North America,United States of America,Illinois,Champaign,Champaign,Champaign,,0,,40.11642,-88.243383,WGS84,7338,,,titurri (2016-07-08 11:18:55),,georef batch tool 2016-07-08; GeoLocate,reviewed - high confidence,,,,,,,,,,,2/1/17 11:52,,31,urn:uuid:7e4154bb-373a-44d7-a568-7ca9a8449c98,https://mycoportal.org:443/portal/collections/individual/index.php?occid=2707711
3264427,WSP,,,PreservedSpecimen,93f59400-03bc-44a0-b1d8-8d3266e5974a,WSP36980,36980,Basidiophora entospora,629138,Roze & Cornu,Basidiophora,entospora,Basidiophora,entospora,Basidiophora entospora,,,,,,,,,,A B Seymour,,,,1884-07-00,1884,7,,,,1884-7,,,,Solidago rigida,Solidago rigida,Asteraceae,,,,,,,,,,,,,,,,,,North America,United States of America,Illinois,Champaign,,Champaign,,0,,40.11639,-88.24333,,,,,,,,,,,,,,,,,,,2/2/17 1:04,567169,61,urn:uuid:93f59400-03bc-44a0-b1d8-8d3266e5974a,https://mycoportal.org:443/portal/collections/individual/index.php?occid=3264427
3678408,NEB,,,PreservedSpecimen,f3beb00c-89da-4609-87df-06ea24c307a2,NEB00062000,8876,Peronospora entospora,647110,(Roze & Cornu) Berk. & Broome,Peronospora,entospora,Basidiophora,entospora,Basidiophora entospora,,,,,,,,,,A B Seymour,,,,1884-07-00,1884,7,,,,"July, 1884",,,,Solidago rigida,Solidago rigida,Asteraceae,,,,,,,,,,,,,,,,,,North America,United States of America,Illinois,,Champaign,,,0,,40.11642,-88.243383,WGS84,7338,,,rhbaldree (2017-08-10 15:08:55),,georef batch tool 2017-08-10; GeoLocate,reviewed - high confidence,,,,,,,,,,,8/10/17 18:58,,50,urn:uuid:f3beb00c-89da-4609-87df-06ea24c307a2,https://mycoportal.org:443/portal/collections/individual/index.php?occid=3678408
3678413,NEB,,,PreservedSpecimen,c9bae289-42a2-41f0-a138-e71c20100474,NEB00062005,281665,Peronospora entospora,647110,(Roze & Cornu) Berk. & Broome,Peronospora,entospora,Basidiophora,entospora,Basidiophora entospora,,,,,,,,,,A B Seymour,,,,1884-07-00,1884,7,,,,"July, 1884",,,,Solidago rigida,Solidago rigida,Asteraceae,,,,,,,,,,,,,,,,,,North America,United States of America,Illinois,,Champaign,,,0,,40.11642,-88.243383,WGS84,7338,,,rhbaldree (2017-08-10 15:08:55),,georef batch tool 2017-08-10; GeoLocate,reviewed - high confidence,,,,,,,,,,,8/10/17 18:58,,50,urn:uuid:c9bae289-42a2-41f0-a138-e71c20100474,https://mycoportal.org:443/portal/collections/individual/index.php?occid=3678413
1746251,BPI,,,PreservedSpecimen,,BPI 788390,,Peronospora entospora,647110,(Roze & Cornu) Berk. & Broome,Peronospora,entospora,Basidiophora,entospora,Basidiophora entospora,,,,,,,,,,A B Seymour,,,,1884-07-00,1884,7,,,,1884 Jul 00,,,,Solidago rigida,Solidago rigida,Asteraceae,,,,,,,,,,,,,,,,,,North America,United States of America,Illinois,,,Champaign,,0,,40.11642,-88.243383,,7338,,,GeoLocate (High Precision),,,,,,,,,,,,,preprocessed,9/3/19 13:34,BPI 788390,24,urn:uuid:0365e6bd-2674-42da-a425-97db6354572c,https://mycoportal.org:443/portal/collections/individual/index.php?occid=1746251
2756513,NCU,,,PreservedSpecimen,bd42c3ed-a467-4f41-b819-b1f3450d746c,NCU-F-0018780,,Peronospora entospora,647110,(Roze & Cornu) Berk. & Broome,Peronospora,entospora,Basidiophora,entospora,Basidiophora entospora,,,A B Seymour,1884,,,,,,A B Seymour,,,s.n.,1884-08-04,1884,8,4,217,,Aug. 2. 1884.,,,,Solidago rigida,Solidago rigida,Asteraceae,,,,,,,,,,,,,,,,,,North America,United States of America,Illinois,,,"Pluto, Ill. [Illinois]",,,,40.190144,-89.371849,WGS84,273635,,,"McCormick, Carol Ann",,GeoLocate,,"~ center of Illinois; ""Pluto"" not found",,,,,,,,,yoonsoyoung,2/1/17 11:52,,14,urn:uuid:bd42c3ed-a467-4f41-b819-b1f3450d746c,https://mycoportal.org:443/portal/collections/individual/index.php?occid=2756513